{
  "HalfCheetahPyBulletEnv-v0": {
    "high": [
      0.5536494851112366,
      9.999999974752427e-07,
      1.0000009536743164,
      2.080098867416382,
      9.999999974752427e-07,
      1.354755163192749,
      9.999999974752427e-07,
      1.0959043502807617,
      1.1893575191497803,
      3.8613693714141846,
      2.1159236431121826,
      3.7174198627471924,
      4.084283828735352,
      5,
      1.6121934652328491,
      4.61677885055542,
      3.295740842819214,
      5.000000953674316,
      3.321371078491211,
      5.000000953674316,
      1.0000009536743164,
      1.0000009536743164,
      1.0000009536743164,
      1.0000009536743164,
      1.0000009536743164,
      1.0000009536743164
    ],
    "low": [
      -0.6541983485221863,
      -9.999999974752427e-07,
      -1,
      -1.874758243560791,
      -9.999999974752427e-07,
      -1.9557887315750122,
      -3.1415927410125732,
      -1.5707963705062866,
      -5,
      -3.6561474800109863,
      -4.8687567710876465,
      -5,
      -3.7094128131866455,
      -5,
      -2.7262556552886963,
      -5,
      -5,
      -5.000000953674316,
      -3.9515161514282227,
      -5.000000953674316,
      -9.999999974752427e-07,
      -9.999999974752427e-07,
      -9.999999974752427e-07,
      -9.999999974752427e-07,
      -9.999999974752427e-07,
      -9.999999974752427e-07
    ],
    "xbbm_max": 2.3539068254828455,
    "xbbm_mean": 2.3539068254828455,
    "xbbm_min": 2.3539068254828455,
    "xbbm_std": 0.8607674330838785
  },
  "HopperPyBulletEnv-v0": {
    "high": [
      0.8613541722297668,
      9.999999974752427e-07,
      1.0000009536743164,
      3.4373342990875244,
      9.999999974752427e-07,
      1.6368197202682495,
      3.1415927410125732,
      1.5341870784759521,
      2.1682493686676025,
      5,
      1.821519136428833,
      5,
      2.1586010456085205,
      5,
      1.0000009536743164
    ],
    "low": [
      -1.243274450302124,
      -9.999999974752427e-07,
      -1,
      -5,
      -9.999999974752427e-07,
      -5,
      -3.1415927410125732,
      -1.570797324180603,
      -1.3921306133270264,
      -5.000000953674316,
      -1.391676664352417,
      -5,
      -3.2458136081695557,
      -5,
      -9.999999974752427e-07
    ],
    "xbbm_max": 2.7064189551770688,
    "xbbm_mean": 2.7064189551770688,
    "xbbm_min": 2.7064189551770688,
    "xbbm_std": 1.0694977367251817
  },
  "InvertedPendulumSwingupPyBulletEnv-v0": {
    "high": [
      1.09308660030365,
      6.021621227264404,
      1.0000009999999773,
      1.0000009999995334,
      21.214635848999023
    ],
    "low": [
      -1.099271297454834,
      -6.127622064221391,
      -1.000001,
      -1.0000009999999764,
      -21.900100708007812
    ],
    "xbbm_max": 5.926166642823509,
    "xbbm_mean": 5.926166642823509,
    "xbbm_min": 5.926166642823509,
    "xbbm_std": 2.783586616000642
  },
  "MountainCarContinuous-v0": {
    "high": [
      0.6000010371208191,
      0.07000099867582321
    ],
    "low": [
      -1.2000010013580322,
      -0.07000099867582321
    ],
    "xbbm_max": 0.7701371109374682,
    "xbbm_mean": 0.7701371109374682,
    "xbbm_min": 0.7701371109374682,
    "xbbm_std": 0.2693402626766083
  },
  "ReacherPyBulletEnv-v0": {
    "high": [
      0.269985020055671,
      0.2699980126295551,
      0.479800789761927,
      0.47954956477051974,
      1.0000009999994264,
      1.0000009999999884,
      10.000001,
      1.270079918345434,
      10.000001
    ],
    "low": [
      -0.26999958909927607,
      -0.2699997563400362,
      -0.47994411923220476,
      -0.47992623359717657,
      -1.0000009999999435,
      -1.0000009999992927,
      -10.000001,
      -1.2745291538204817,
      -10.000001
    ],
    "xbbm_max": 4.238345906358624,
    "xbbm_mean": 4.238345906358624,
    "xbbm_min": 4.238345906358624,
    "xbbm_std": 1.5276510981919462
  },
  "Walker2DBulletEnv-v0": {
    "high": [
      0.12695427238941193,
      9.999999974752427e-07,
      1.0000009536743164,
      1.8573099374771118,
      9.999999974752427e-07,
      0.6999750137329102,
      9.999999974752427e-07,
      1.0624662637710571,
      1.5482045412063599,
      4.621812343597412,
      1.8112468719482422,
      4.3884100914001465,
      1.5703760385513306,
      3.1230525970458984,
      1.2061924934387207,
      4.1318464279174805,
      1.7902103662490845,
      4.2734246253967285,
      1.531502604484558,
      2.736940860748291,
      1.0000009536743164,
      1.0000009536743164
    ],
    "low": [
      -1.2315876483917236,
      -9.999999974752427e-07,
      -1,
      -3.5128822326660156,
      -9.999999974752427e-07,
      -3.6400177478790283,
      -3.1415927410125732,
      -1.5707963705062866,
      -2.2274298667907715,
      -5,
      -1.5702998638153076,
      -4.222800254821777,
      -3.7981488704681396,
      -4.954274654388428,
      -2.836982250213623,
      -4.9879255294799805,
      -1.722488522529602,
      -3.723304271697998,
      -4.068563938140869,
      -5,
      -9.999999974752427e-07,
      -9.999999974752427e-07
    ],
    "xbbm_max": 2.383188589699566,
    "xbbm_mean": 2.383188589699566,
    "xbbm_min": 2.383188589699566,
    "xbbm_std": 0.8487273091490815
  }
}
